{"_type":"export","__export_format":4,"__export_date":"2023-09-08T14:40:34.504Z","__export_source":"insomnia.desktop.app:v2023.5.8","resources":[{"_id":"req_cb73220ff86e45fdb89c7be194e650f8","parentId":"fld_de4822c4a3d9471992f37703e386c430","modified":1694183406164,"created":1694183348360,"url":"http://localhost:3000/animal/raca-e-quantia","name":"Raça e Quantia","description":"","method":"GET","body":{"mimeType":"application/json","text":""},"parameters":[],"headers":[{"name":"Content-Type","value":"application/json"},{"name":"User-Agent","value":"insomnia/2023.5.8"}],"authentication":{},"metaSortKey":-1694183348360,"isPrivate":false,"settingStoreCookies":true,"settingSendCookies":true,"settingDisableRenderRequestBody":false,"settingEncodeUrl":true,"settingRebuildPath":true,"settingFollowRedirects":"global","_type":"request"},{"_id":"fld_de4822c4a3d9471992f37703e386c430","parentId":"wrk_fdcbbe755ce04f2192e241db17ed65c4","modified":1694174841825,"created":1694174841825,"name":"Simulado","description":"","environment":{},"environmentPropertyOrder":null,"metaSortKey":-1694174841825,"_type":"request_group"},{"_id":"wrk_fdcbbe755ce04f2192e241db17ed65c4","parentId":null,"modified":1692368679279,"created":1692368679279,"name":"My Collection","description":"","scope":"collection","_type":"workspace"},{"_id":"req_e097f195c14144c9abd484b445c7a6ca","parentId":"fld_de4822c4a3d9471992f37703e386c430","modified":1694183015796,"created":1694182732035,"url":"http://localhost:3000/animal/total-raca/Tigre","name":"Custos Totais por Raça","description":"","method":"GET","body":{"mimeType":"application/json","text":""},"parameters":[],"headers":[{"name":"Content-Type","value":"application/json"},{"name":"User-Agent","value":"insomnia/2023.5.8"}],"authentication":{},"metaSortKey":-1694182732035,"isPrivate":false,"settingStoreCookies":true,"settingSendCookies":true,"settingDisableRenderRequestBody":false,"settingEncodeUrl":true,"settingRebuildPath":true,"settingFollowRedirects":"global","_type":"request"},{"_id":"req_b93026e5809e4a83921d316ed9016ae5","parentId":"fld_de4822c4a3d9471992f37703e386c430","modified":1694182730378,"created":1694182264606,"url":"http://localhost:3000/animal/totais","name":"Custos Totais","description":"","method":"GET","body":{"mimeType":"application/json","text":""},"parameters":[],"headers":[{"name":"Content-Type","value":"application/json"},{"name":"User-Agent","value":"insomnia/2023.5.8"}],"authentication":{},"metaSortKey":-1694182264606,"isPrivate":false,"settingStoreCookies":true,"settingSendCookies":true,"settingDisableRenderRequestBody":false,"settingEncodeUrl":true,"settingRebuildPath":true,"settingFollowRedirects":"global","_type":"request"},{"_id":"req_62a25ec95f1b43af9bc79b981dd48232","parentId":"fld_de4822c4a3d9471992f37703e386c430","modified":1694183937265,"created":1694181973221,"url":"http://localhost:3000/animal/idade/4-6","name":"Intervalo Idades","description":"","method":"GET","body":{"mimeType":"application/json","text":""},"parameters":[],"headers":[{"name":"Content-Type","value":"application/json"},{"name":"User-Agent","value":"insomnia/2023.5.8"}],"authentication":{},"metaSortKey":-1694181973221,"isPrivate":false,"settingStoreCookies":true,"settingSendCookies":true,"settingDisableRenderRequestBody":false,"settingEncodeUrl":true,"settingRebuildPath":true,"settingFollowRedirects":"global","_type":"request"},{"_id":"req_f9d8d40872184b0a8eb4c43b11c93b1d","parentId":"fld_de4822c4a3d9471992f37703e386c430","modified":1694181824823,"created":1694179195135,"url":"http://localhost:3000/animal/ordem","name":"Ordenar por Idade asc","description":"","method":"GET","body":{},"parameters":[],"headers":[{"name":"User-Agent","value":"insomnia/2023.5.8"}],"authentication":{},"metaSortKey":-1694180189372,"isPrivate":false,"settingStoreCookies":true,"settingSendCookies":true,"settingDisableRenderRequestBody":false,"settingEncodeUrl":true,"settingRebuildPath":true,"settingFollowRedirects":"global","_type":"request"},{"_id":"req_7b59f1e90ac54b1c865f71ca29d6c99c","parentId":"fld_de4822c4a3d9471992f37703e386c430","modified":1694183916134,"created":1694180189272,"url":"http://localhost:3000/animal/custo_mensal/200","name":"Custo Mensal igual ou maior que o parametro","description":"","method":"GET","body":{"mimeType":"application/json","text":""},"parameters":[],"headers":[{"name":"Content-Type","value":"application/json"},{"name":"User-Agent","value":"insomnia/2023.5.8"}],"authentication":{},"metaSortKey":-1694180189272,"isPrivate":false,"settingStoreCookies":true,"settingSendCookies":true,"settingDisableRenderRequestBody":false,"settingEncodeUrl":true,"settingRebuildPath":true,"settingFollowRedirects":"global","_type":"request"},{"_id":"req_db360373d5194e22af9eaf62291a5de7","parentId":"fld_de4822c4a3d9471992f37703e386c430","modified":1694183898285,"created":1694178747782,"url":"http://localhost:3000/animal/raca/elefante","name":"Busca pela Raça","description":"","method":"GET","body":{"mimeType":"application/json","text":""},"parameters":[],"headers":[{"name":"Content-Type","value":"application/json"},{"name":"User-Agent","value":"insomnia/2023.5.8"}],"authentication":{},"metaSortKey":-1694178747782,"isPrivate":false,"settingStoreCookies":true,"settingSendCookies":true,"settingDisableRenderRequestBody":false,"settingEncodeUrl":true,"settingRebuildPath":true,"settingFollowRedirects":"global","_type":"request"},{"_id":"req_7ccc2a5157254d2591a5cdc4e7bdf504","parentId":"fld_de4822c4a3d9471992f37703e386c430","modified":1694178154001,"created":1694175252709,"url":"http://localhost:3000/animal/#id","name":"Exclusão de Animal","description":"","method":"DELETE","body":{"mimeType":"application/json","text":""},"parameters":[],"headers":[{"name":"Content-Type","value":"application/json"},{"name":"User-Agent","value":"insomnia/2023.5.8"}],"authentication":{},"metaSortKey":-1694175252709,"isPrivate":false,"settingStoreCookies":true,"settingSendCookies":true,"settingDisableRenderRequestBody":false,"settingEncodeUrl":true,"settingRebuildPath":true,"settingFollowRedirects":"global","_type":"request"},{"_id":"req_be7285bcb24b49309d4f751da33ab7be","parentId":"fld_de4822c4a3d9471992f37703e386c430","modified":1694183869529,"created":1694175204373,"url":"http://localhost:3000/animal/13","name":"Alteração de Animal","description":"","method":"PUT","body":{"mimeType":"application/json","text":"{\n\t\t\"nome\": \"Spock 3\",\n\t\t\"raca\": \"Elefante\",\n\t\t\"idade\": 4,\n\t\t\"custo_mensal\": 200\n\t}"},"parameters":[],"headers":[{"name":"Content-Type","value":"application/json"},{"name":"User-Agent","value":"insomnia/2023.5.8"}],"authentication":{},"metaSortKey":-1694175204373,"isPrivate":false,"settingStoreCookies":true,"settingSendCookies":true,"settingDisableRenderRequestBody":false,"settingEncodeUrl":true,"settingRebuildPath":true,"settingFollowRedirects":"global","_type":"request"},{"_id":"req_3ff9274aea3c4094b5104074b00962e3","parentId":"fld_de4822c4a3d9471992f37703e386c430","modified":1694183844087,"created":1694175201876,"url":"http://localhost:3000/animal","name":"Inclusão de Animal","description":"","method":"POST","body":{"mimeType":"application/json","text":"\t{\n\t\t\"nome\": \"Spock 2\",\n\t\t\"raca\": \"Elefante\",\n\t\t\"idade\": 4,\n\t\t\"custo_mensal\": 200\n\t}\n\n"},"parameters":[],"headers":[{"name":"Content-Type","value":"application/json"},{"name":"User-Agent","value":"insomnia/2023.5.8"}],"authentication":{},"metaSortKey":-1694175201876,"isPrivate":false,"settingStoreCookies":true,"settingSendCookies":true,"settingDisableRenderRequestBody":false,"settingEncodeUrl":true,"settingRebuildPath":true,"settingFollowRedirects":"global","_type":"request"},{"_id":"req_aa8aff7f17d34637b74f4ddf93ea1ee7","parentId":"fld_de4822c4a3d9471992f37703e386c430","modified":1694177713723,"created":1694175149541,"url":" http://localhost:3000/animal","name":"Listagem de Animais","description":"","method":"GET","body":{"mimeType":"application/json","text":""},"parameters":[],"headers":[{"name":"Content-Type","value":"application/json"},{"name":"User-Agent","value":"insomnia/2023.5.8"}],"authentication":{},"metaSortKey":-1694175149541,"isPrivate":false,"settingStoreCookies":true,"settingSendCookies":true,"settingDisableRenderRequestBody":false,"settingEncodeUrl":true,"settingRebuildPath":true,"settingFollowRedirects":"global","_type":"request"},{"_id":"env_06d0c58e403f8edcd60903aee66f9ef997ce6648","parentId":"wrk_fdcbbe755ce04f2192e241db17ed65c4","modified":1692368679291,"created":1692368679291,"name":"Base Environment","data":{},"dataPropertyOrder":null,"color":null,"isPrivate":false,"metaSortKey":1692368679291,"_type":"environment"},{"_id":"jar_06d0c58e403f8edcd60903aee66f9ef997ce6648","parentId":"wrk_fdcbbe755ce04f2192e241db17ed65c4","modified":1692368679296,"created":1692368679296,"name":"Default Jar","cookies":[],"_type":"cookie_jar"},{"_id":"spc_826ba594395042d88896d97d0dc4b18a","parentId":"wrk_fdcbbe755ce04f2192e241db17ed65c4","modified":1692368679281,"created":1692368679281,"fileName":"My Collection","contents":"","contentType":"yaml","_type":"api_spec"}]}